<?xml version="1.0" encoding="utf-8"?>
<odoo>
    <data noupdate="1">
        <record id="ir_cron_mgmtsystem_action_reminder" model="ir.cron">
            <field name="name">Email Action Reminders 10 days before due date.</field>
            <field name="user_id" ref="base.user_root"/>
            <field name="interval_number">1</field>
            <field name="interval_type">days</field>
            <field name="numbercall">-1</field>
            <field name="model_id" ref="model_mgmtsystem_action"/>
            <field name="doall" eval="False"/>
            <field name="state">code</field>
            <field name="code">model.process_reminder_queue()</field>
        </record>
   </data>
</odoo>
