<?xml version="1.0" encoding="UTF-8"?>
<odoo>

    <record id="document_page_quality_manual" model="document.page">
        <field name="name">Quality Manual</field>
        <field name="type">category</field>
        <field name="template">
            <![CDATA[
<h1>Foreword</h1>

<h1>Introduction</h1>

<h1>Scope</h1>

<h1>Normative references</h1>

<h1>Terms and Definitions</h1>

<h1>Context of the organization</h1>

<h2>Understanding the organization and its context</h2>

<h2>Understanding the needs and expectations of interested parties</h2>

<h2>Determining the scope of the quality management system</h2>

<h2>Quality management system and its processes</h2>

<h1>Leadership</h1>

<h2>Leadership and commitment</h2>

<h3>General</h3>

<h3>Customer focus</h3>

<h2>Policy</h2>

<h3>Establishing the quality policy</h3>

<h3>Communicating the quality policy</h3>

<h2>Organizational roles, responsibilities and authorities</h2>

<h1>Planning</h1>

<h2>Actions to address risks and opportunities</h2>

<h2>Quality objectives and planning to achieve them</h2>

<h2>Planning of changes</h2>

<h1>Support</h1>

<h2>Resources</h2>

<h3>General</h3>

<h3>People</h3>

<h3>Infrastructure</h3>

<h3>Environment for the operation of processes</h3>

<h3>Monitoring and measuring resources</h3>

<h4>General</h4>

<h4>Measurement traceability</h4>

<h3>Organizational knowledge</h3>

<h2>Competence</h2>

<h2>Awareness</h2>

<h2>Communication</h2>

<h2>Documented information</h2>

<h3>General</h3>

<h3>Creating and updating</h3>

<h3>Control of documented information</h3>

<h1>Operation</h1>

<h2>Operational planning and control</h2>

<h2>Requirements for products and services</h2>

<h3>Customer communication</h3>

<h3>Determining the requirements for products and services</h3>

<h3>Review of the requirements for products and services</h3>

<h3>Changes to requirements for products and services</h3>

<h2>Design and development of products and services</h2>

<h3>General</h3>

<h3>Design and development planning</h3>

<h3>Design and development inputs</h3>

<h3>Design and development controls</h3>

<h3>Design and development outputs</h3>

<h3>Design and development changes</h3>

<h2>Control of externally provided processes, products and services</h2>

<h3>General</h3>

<h3>Type and extent of control</h3>

<h3>Information for external providers</h3>

<h2>Production and service provision</h2>

<h3>Control of production and service provision</h3>

<h3>Identification and traceability</h3>

<h3>Property belonging to customers and external providers</h3>

<h3>Preservation</h3>

<h3>Post-delivery activities</h3>

<h3>Control of changes</h3>

<h2>Release of products and services</h2>

<h2>Control of nonconforming outputs</h2>

<h1>Performance evaluation</h1>

<h2>Monitoring, measurement, analysis and evaluation</h2>

<h3>General</h3>

<h3>Customer satisfaction</h3>

<h3>Analysis and evaluation</h3>

<h2>Internal audit</h2>

<h2>Management review</h2>

<h3>General</h3>

<h3>Management review inputs</h3>

<h3>Management review outputs</h3>

<h1>Improvement</h1>

<h2>General</h2>

<h2>Nonconformity and corrective action</h2>

<h2>Continuous improvement</h2>
]]>
        </field>
    </record>

</odoo>
